{"cameraMode":{"drawMode":0,"name":"Shaded","section":"Shading Mode"},"sceneLighting":false,"audioPlay":false,"sceneViewState":{"showFog":true,"showMaterialUpdate":false,"showSkybox":true,"showFlares":true,"showImageEffects":true,"showParticleSystems":true},"in2DMode":false,"pivot":{"x":271.9314270019531,"y":914.141357421875,"z":17.294830322265626},"rotation":{"x":0.05123583599925041,"y":0.04462181776762009,"z":-0.002291135024279356,"w":0.997688353061676},"size":20.356876373291017,"orthographic":false}